م,كود الطالب,اسم الطالب (عربي),اسم الطالب (English),الصف,الشعبة,عربي (20),دين (20),English (20),Math (20),Science (20),دراسات (20),ICT (20),المجموع,النسبة المئوية,التقدير,الترتيب
"1","SK-G1-AR-006","أمير مصطفى عبد اللطيف","Amir Mostafa Abdel Latif","الصف 1","عربي","19.5","19.5","19.5","19.5","—","—","—","78.0","97.5%","ممتاز","1"
"2","SK-G1-AR-002","إيلاف عصام عبد الله","Elaf Essam Abdullah","الصف 1","عربي","19.5","19.5","19.5","19.5","—","—","—","78.0","97.5%","ممتاز","2"
"3","SK-G1-AR-001","تاليا عادل خطاب","Talia Adel Khattab","الصف 1","عربي","19.5","19.5","19.5","19.5","—","—","—","78.0","97.5%","ممتاز","3"
"4","SK-G1-LN-005","حمزة إبراهيم زيدان","Hamza Ibrahim Zeidan","الصف 1","لغات","19.5","19.5","19.5","19.5","—","—","—","78.0","97.5%","ممتاز","4"
"5","SK-G1-LN-006","حمزة محمد البنا","Hamza Mohamed Elbanna","الصف 1","لغات","19.5","19.5","19.5","19.5","—","—","—","78.0","97.5%","ممتاز","5"
"6","SK-G1-LN-003","ريحانة عبد الرحمن عاطف","Rihana Abdel Rahman Atef","الصف 1","لغات","19.5","19.5","19.5","19.5","—","—","—","78.0","97.5%","ممتاز","6"
"7","SK-G1-LN-010","زين الدين محمود عبد الحميد","Zein El-Din Mahmoud Abdel Hamid","الصف 1","لغات","19.5","19.5","19.5","19.5","—","—","—","78.0","97.5%","ممتاز","7"
"8","SK-G1-LN-001","سارة رضا عبد المقصود","Sara Reda Abdel Maksoud","الصف 1","لغات","19.5","19.5","19.5","19.5","—","—","—","78.0","97.5%","ممتاز","8"
"9","SK-G1-EN-5941","عبد الحميد محمد الجزار","Abdel Hamid Mohamed El-Gazzar","الصف 1","لغات","20","20","20","20","—","—","—","80","100.0%","ممتاز","9"
"10","SK-G1-LN-009","علي محمد علاء الدين","Ali Mohamed Alaa El-Din","الصف 1","لغات","19.5","19.5","19.5","19.5","—","—","—","78.0","97.5%","ممتاز","10"
"11","SK-G1-AR-004","فيروز أشرف مجدى","Fayrouz Ashraf Magdy","الصف 1","عربي","19.5","19.5","19.5","19.5","—","—","—","78.0","97.5%","ممتاز","11"
"12","SK-G1-LN-002","كنده السيد علي","Kenda Elsayed Ali","الصف 1","لغات","19.5","19.5","19.5","19.5","—","—","—","78.0","97.5%","ممتاز","12"
"13","SK-G1-LN-004","لي لي أحمد محمد يسرى","Lili Ahmed Mohamed Yousry","الصف 1","لغات","19.5","19.5","19.5","19.5","—","—","—","78.0","97.5%","ممتاز","13"
"14","SK-G1-LN-007","مروان أشرف رمضان","Marwan Ashraf Ramadan","الصف 1","لغات","19.5","19.5","19.5","19.5","—","—","—","78.0","97.5%","ممتاز","14"
"15","SK-G1-AR-003","مودة أحمد كمال","Mawaddah Ahmed Kamal","الصف 1","عربي","19.5","19.5","19.5","19.5","—","—","—","78.0","97.5%","ممتاز","15"
"16","SK-G1-AR-007","يامن إسلام أحمد","Yamen Islam Ahmed","الصف 1","عربي","19.5","19.5","19.5","19.5","—","—","—","78.0","97.5%","ممتاز","16"
"17","SK-G1-AR-005","يحيى أحمد مصطفى","Yahia Ahmed Mostafa","الصف 1","عربي","19.5","19.5","19.5","19.5","—","—","—","78.0","97.5%","ممتاز","17"
"18","SK-G1-LN-008","يوسف عمرو محمد","Youssef Amr Mohamed","الصف 1","لغات","19.5","19.5","19.5","19.5","—","—","—","78.0","97.5%","ممتاز","18"
"19","SK-G2-AR-003","آدم أحمد شوقي","Adam Ahmed Shawky","الصف 2","عربي","19.5","19.5","19.5","19.5","—","—","—","78.0","97.5%","ممتاز","19"
"20","SK-G2-LN-006","أنس أحمد محمد","Anas Ahmed Mohamed","الصف 2","لغات","19.5","19.5","19.5","19.5","—","—","—","78.0","97.5%","ممتاز","20"
"21","SK-G2-AR-007","إيلين أحمد زيران","Ellen Ahmed Zayran","الصف 2","عربي","19.5","19.5","19.5","19.5","—","—","—","78.0","97.5%","ممتاز","21"
"22","SK-G2-LN-019","إيلين أحمد محمود","Ellen Ahmed Mahmoud","الصف 2","لغات","19.5","19.5","19.5","19.5","—","—","—","78.0","97.5%","ممتاز","22"
"23","SK-G2-AR-008","بيسان محمد أحمد","Bisan Mohamed Ahmed","الصف 2","عربي","19.5","19.5","19.5","19.5","—","—","—","78.0","97.5%","ممتاز","23"
"24","SK-G2-LN-015","تالا هشام محمد","Tala Hesham Mohamed","الصف 2","لغات","19.5","19.5","19.5","19.5","—","—","—","78.0","97.5%","ممتاز","24"
"25","SK-G2-LN-018","جاد محمد عباس","Jad Mohamed Abbas","الصف 2","لغات","19.5","19.5","19.5","19.5","—","—","—","78.0","97.5%","ممتاز","25"
"26","SK-G2-LN-014","حبيبة أحمد حسين","Habiba Ahmed Hussein","الصف 2","لغات","19.5","19.5","19.5","19.5","—","—","—","78.0","97.5%","ممتاز","26"
"27","SK-G2-LN-005","راشد عبد الكريم بشير","Rashed Abdel Karim Basheer","الصف 2","لغات","19.5","19.5","19.5","19.5","—","—","—","78.0","97.5%","ممتاز","27"
"28","SK-G2-AR-6446","ريتال محمد مجدي","Retal Mohamed Magdy","الصف 2","عربي","20","20","20","20","—","—","—","80","100.0%","ممتاز","28"
"29","SK-G2-LN-016","زينة عبد الله سيد","Zeina Abdullah Sayed","الصف 2","لغات","19.5","19.5","19.5","19.5","—","—","—","78.0","97.5%","ممتاز","29"
"30","SK-G2-LN-017","سجى جمال إسماعيل","Saja Gamal Ismail","الصف 2","لغات","19.5","19.5","19.5","19.5","—","—","—","78.0","97.5%","ممتاز","30"
"31","SK-G2-LN-003","سليم محمد السعيد","Selim Mohamed El-Saeed","الصف 2","لغات","19.5","19.5","19.5","19.5","—","—","—","78.0","97.5%","ممتاز","31"
"32","SK-G2-AR-002","سيف حسن محمد","Seif Hassan Mohamed","الصف 2","عربي","19.5","19.5","19.5","19.5","—","—","—","78.0","97.5%","ممتاز","32"
"33","SK-G2-LN-002","طارق السيد عبد الغني","Tarek Elsayed Abdel Ghani","الصف 2","لغات","19.5","19.5","19.5","19.5","—","—","—","78.0","97.5%","ممتاز","33"
"34","SK-G2-LN-007","عصام محمد عصام","Essam Mohamed Essam","الصف 2","لغات","19.5","19.5","19.5","19.5","—","—","—","78.0","97.5%","ممتاز","34"
"35","SK-G2-AR-6576","فريد أحمد حمدي","Farid Ahmed Hamdy","الصف 2","عربي","20","20","20","20","—","—","—","80","100.0%","ممتاز","35"
"36","SK-G2-AR-004","فريدة شريف علي","Farida Sherif Ali","الصف 2","عربي","19.5","19.5","19.5","19.5","—","—","—","78.0","97.5%","ممتاز","36"
"37","SK-G2-LN-010","فيروز محمد النجار","Fayrouz Mohamed El-Naggar","الصف 2","عربي","19.5","19.5","19.5","19.5","—","—","—","78.0","97.5%","ممتاز","37"
"38","SK-G2-LN-012","ليا هيثم رشوان","Lia Haitham Rashwan","الصف 2","لغات","19.5","19.5","19.5","19.5","—","—","—","78.0","97.5%","ممتاز","38"
"39","SK-G2-LN-013","ليان محمد أمين","Layan Mohamed Amin","الصف 2","لغات","19.5","19.5","19.5","19.5","—","—","—","78.0","97.5%","ممتاز","39"
"40","SK-G2-AR-006","لين مهند خضرو","Leen Mohannad Khidro","الصف 2","عربي","19.5","19.5","19.5","19.5","—","—","—","78.0","97.5%","ممتاز","40"
"41","SK-G2-LN-008","مالك أحمد عبد المؤمن","Malek Ahmed Abdel Moemen","الصف 2","لغات","19.5","19.5","19.5","19.5","—","—","—","78.0","97.5%","ممتاز","41"
"42","SK-G2-AR-005","مالك محمد الخشن","Malek Mohamed El-Khoshen","الصف 2","عربي","19.5","19.5","19.5","19.5","—","—","—","78.0","97.5%","ممتاز","42"
"43","SK-G2-LN-004","معتز محمد عطاها","Moataz Mohamed Ataha","الصف 2","لغات","19.5","19.5","19.5","19.5","—","—","—","78.0","97.5%","ممتاز","43"
"44","SK-G2-AR-001","مهدي أحمد محمد","Mahdi Ahmed Mohamed","الصف 2","عربي","19.5","19.5","19.5","19.5","—","—","—","78.0","97.5%","ممتاز","44"
"45","SK-G2-LN-001","نوح عبد الحميد سمير","Noah Abdel Hamid Samir","الصف 2","لغات","19.5","19.5","19.5","19.5","—","—","—","78.0","97.5%","ممتاز","45"
"46","SK-G3-LN-008","آدم خالد عبد الله","Adam Khaled Abdullah","الصف 3","لغات","19.5","19.5","19.5","19.5","—","—","—","78.0","97.5%","ممتاز","46"
"47","SK-G3-LN-006","آدم محمد صبحي","Adam Mohamed Sobhy","الصف 3","لغات","19.5","19.5","19.5","19.5","—","—","—","78.0","97.5%","ممتاز","47"
"48","SK-G3-LN-002","آسية أحمد مصطفى","Asiya Ahmed Mostafa","الصف 3","لغات","19.5","19.5","19.5","19.5","—","—","—","78.0","97.5%","ممتاز","48"
"49","SK-G3-LN-009","أدهم مصطفى وحيد","Adham Mostafa Waheed","الصف 3","لغات","19.5","19.5","19.5","19.5","—","—","—","78.0","97.5%","ممتاز","49"
"50","SK-G3-LN-003","أريام أحمد حسن","Aryam Ahmed Hassan","الصف 3","لغات","19.5","19.5","19.5","19.5","—","—","—","78.0","97.5%","ممتاز","50"
"51","SK-G3-AR-002","أرين أشرف مجدى","Areen Ashraf Magdy","الصف 3","عربي","19.5","19.5","19.5","19.5","—","—","—","78.0","97.5%","ممتاز","51"
"52","SK-G3-LN-015","أمين السيد أحمد","Amin Elsayed Ahmed","الصف 3","لغات","19.5","19.5","19.5","19.5","—","—","—","78.0","97.5%","ممتاز","52"
"53","SK-G3-AR-003","الفاتح عبد القادر محمد","Al-Fateh Abdel Qader Mohamed","الصف 3","عربي","19.5","19.5","19.5","19.5","—","—","—","78.0","97.5%","ممتاز","53"
"54","SK-G3-LN-014","رائد عبد الكريم بشير","Raed Abdel Karim Basheer","الصف 3","لغات","19.5","19.5","19.5","19.5","—","—","—","78.0","97.5%","ممتاز","54"
"55","SK-G3-LN-017","ريمان جمال الحسين","Reman Gamal El-Hussein","الصف 3","لغات","19.5","19.5","19.5","19.5","—","—","—","78.0","97.5%","ممتاز","55"
"56","SK-G3-LN-007","زين سليمان محمد","Zein Soliman Mohamed","الصف 3","لغات","19.5","19.5","19.5","19.5","—","—","—","78.0","97.5%","ممتاز","56"
"57","SK-G3-LN-013","زين محمد نبيل نوار","Zein Mohamed Nabil Nawar","الصف 3","لغات","19.5","19.5","19.5","19.5","—","—","—","78.0","97.5%","ممتاز","57"
"58","SK-G3-LN-012","شهم محمد أنور حرب","Shahm Mohamed Anwar Harb","الصف 3","لغات","19.5","19.5","19.5","19.5","—","—","—","78.0","97.5%","ممتاز","58"
"59","SK-G3-LN-011","عبد الرحمن خالد رجب","Abdel Rahman Khaled Ragab","الصف 3","لغات","19.5","19.5","19.5","19.5","—","—","—","78.0","97.5%","ممتاز","59"
"60","SK-G3-AR-005","عبد الرحمن طه حسين","Abdel Rahman Taha Hussein","الصف 3","عربي","19.5","19.5","19.5","19.5","—","—","—","78.0","97.5%","ممتاز","60"
"61","SK-G3-AR-004","عمر محمود عبد الوهاب","Omar Mahmoud Abdel Wahab","الصف 3","عربي","19.5","19.5","19.5","19.5","—","—","—","78.0","97.5%","ممتاز","61"
"62","SK-G3-AR-3636","فريدة محمد النجار","Farida Mohamed El-Naggar","الصف 3","عربي","20","20","20","20","—","—","—","80","100.0%","ممتاز","62"
"63","SK-G3-LN-004","ليان سامح بسيوني","Layan Sameh Basiouny","الصف 3","لغات","19.5","19.5","19.5","19.5","—","—","—","78.0","97.5%","ممتاز","63"
"64","SK-G3-LN-001","لين محمد عبد الحليم","Leen Mohamed Abdel Halim","الصف 3","لغات","19.5","19.5","19.5","19.5","—","—","—","78.0","97.5%","ممتاز","64"
"65","SK-G3-LN-005","ماريا خالد فهمي","Maria Khaled Fahmy","الصف 3","لغات","19.5","19.5","19.5","19.5","—","—","—","78.0","97.5%","ممتاز","65"
"66","SK-G3-LN-018","مصطفى عبد السلام مصطفى","Mostafa Abdel Salam Mostafa","الصف 3","لغات","19.5","19.5","19.5","19.5","—","—","—","78.0","97.5%","ممتاز","66"
"67","SK-G3-AR-001","مليكة محمد عادل","Malika Mohamed Adel","الصف 3","عربي","19.5","19.5","19.5","19.5","—","—","—","78.0","97.5%","ممتاز","67"
"68","SK-G3-LN-016","نور أحمد عصام","Nour Ahmed Essam","الصف 3","لغات","19.5","19.5","19.5","19.5","—","—","—","78.0","97.5%","ممتاز","68"
"69","SK-G3-LN-010","يوسف محمد عبد اللطيف","Youssef Mohamed Abdel Latif","الصف 3","لغات","19.5","19.5","19.5","19.5","—","—","—","78.0","97.5%","ممتاز","69"
"70","SK-G4-LN-003","آدم عمرو أسامة","Adam Amr Osama","الصف 4","لغات","19.5","19.5","19.5","19.5","19.5","19.5","19.5","136.5","97.5%","ممتاز","70"
"71","SK-G4-AR-003","جانتي السيد عبد الغني","Janti Elsayed Abdel Ghani","الصف 4","لغات","19.5","19.5","19.5","19.5","19.5","19.5","19.5","136.5","97.5%","ممتاز","71"
"72","SK-G4-LN-013","جنة عمرو أبو المكارم","Janna Amr Abo El-Makarim","الصف 4","لغات","19.5","19.5","19.5","19.5","19.5","19.5","19.5","136.5","97.5%","ممتاز","72"
"73","SK-G4-LN-001","حمزة أحمد عبد الحميد","Hamza Ahmed Abdel Hamid","الصف 4","لغات","19.5","19.5","19.5","19.5","19.5","19.5","19.5","136.5","97.5%","ممتاز","73"
"74","SK-G4-LN-008","دانة السيد علي","Dana Elsayed Ali","الصف 4","لغات","19.5","19.5","19.5","19.5","19.5","19.5","19.5","136.5","97.5%","ممتاز","74"
"75","SK-G4-LN-007","ريان عبد الرحمن","Rayan Abdel Rahman","الصف 4","لغات","19.5","19.5","19.5","19.5","19.5","19.5","19.5","136.5","97.5%","ممتاز","75"
"76","SK-G4-AR-006","عبد الله مروان الشيخ","Abdullah Marwan El-Sheikh","الصف 4","عربي","19.5","19.5","19.5","19.5","19.5","19.5","19.5","136.5","97.5%","ممتاز","76"
"77","SK-G4-AR-004","على شريف على","Ali Sherif Ali","الصف 4","عربي","19.5","19.5","19.5","19.5","19.5","19.5","19.5","136.5","97.5%","ممتاز","77"
"78","SK-G4-LN-005","عمر أحمد الجزيرى","Omar Ahmed El-Gezeiry","الصف 4","لغات","19.5","19.5","19.5","19.5","19.5","19.5","19.5","136.5","97.5%","ممتاز","78"
"79","SK-G4-LN-011","فيروز هشام محمد","Fayrouz Hesham Mohamed","الصف 4","لغات","19.5","19.5","19.5","19.5","19.5","19.5","19.5","136.5","97.5%","ممتاز","79"
"80","SK-G4-AR-002","كارما أحمد عطية","Karma Ahmed Attia","الصف 4","عربي","19.5","19.5","19.5","19.5","19.5","19.5","19.5","136.5","97.5%","ممتاز","80"
"81","SK-G4-LN-009","كارما محمد حسام","Karma Mohamed Hossam","الصف 4","لغات","19.5","19.5","19.5","19.5","19.5","19.5","19.5","136.5","97.5%","ممتاز","81"
"82","SK-G4-LN-012","لوجين وليد محمد","Lojain Walid Mohamed","الصف 4","لغات","19.5","19.5","19.5","19.5","19.5","19.5","19.5","136.5","97.5%","ممتاز","82"
"83","SK-G4-AR-005","محمد محمود الصياد","Mohamed Mahmoud El-Sayad","الصف 4","عربي","19.5","19.5","19.5","19.5","19.5","19.5","19.5","136.5","97.5%","ممتاز","83"
"84","SK-G4-AR-001","مها رضوان تسون","Maha Radwan Tsoun","الصف 4","عربي","19.5","19.5","19.5","19.5","19.5","19.5","19.5","136.5","97.5%","ممتاز","84"
"85","SK-G4-LN-002","مهيب جمال فتح الله","Moheb Gamal Fathallah","الصف 4","لغات","19.5","19.5","19.5","19.5","19.5","19.5","19.5","136.5","97.5%","ممتاز","85"
"86","SK-G4-LN-010","ميرا محمد عطاها","Mira Mohamed Ataha","الصف 4","لغات","19.5","19.5","19.5","19.5","19.5","19.5","19.5","136.5","97.5%","ممتاز","86"
"87","SK-G4-LN-006","يحيي محمد فاروق","Yahia Mohamed Farouk","الصف 4","لغات","19.5","19.5","19.5","19.5","19.5","19.5","19.5","136.5","97.5%","ممتاز","87"
"88","SK-G4-LN-004","يوسف كمال محمد","Youssef Kamal Mohamed","الصف 4","لغات","19.5","19.5","19.5","19.5","19.5","19.5","19.5","136.5","97.5%","ممتاز","88"
"89","SK-G5-LN-005","أيسل محمد السعيد","Aysel Mohamed El-Saeed","الصف 5","لغات","19.5","19.5","19.5","19.5","19.5","19.5","19.5","136.5","97.5%","ممتاز","89"
"90","SK-G5-AR-003","جودى مهند خضرو","Judi Mohannad Khidro","الصف 5","عربي","20","20","20","20","20","20","20","140","100.0%","ممتاز","90"
"91","SK-G5-AR-002","جويرية أحمد عطيه","Jowairia Ahmed Attia","الصف 5","عربي","19.5","19.5","19.5","19.5","19.5","19.5","19.5","136.5","97.5%","ممتاز","91"
"92","SK-G5-AR-006","رفيدة خالد رجب","Rofayda Khaled Ragab","الصف 5","عربي","19.5","19.5","19.5","19.5","19.5","19.5","19.5","136.5","97.5%","ممتاز","92"
"93","SK-G5-LN-004","رقية رضا عبد المقصود","Roqaya Reda Abdel Maqsoud","الصف 5","لغات","19.5","19.5","19.5","19.5","19.5","19.5","19.5","136.5","97.5%","ممتاز","93"
"94","SK-G5-LN-003","رودينة عبد الله السيد","Rodaina Abdullah Sayed","الصف 5","لغات","19.5","19.5","19.5","19.5","19.5","19.5","19.5","136.5","97.5%","ممتاز","94"
"95","SK-G5-AR-007","زياد مصطفى فرج","Ziad Mostafa Farag","الصف 5","عربي","19.5","19.5","19.5","19.5","19.5","19.5","19.5","136.5","97.5%","ممتاز","95"
"96","SK-G5-AR-009","سامح طه النقاش","Sameh Taha El-Naqqash","الصف 5","عربي","19.5","19.5","19.5","19.5","19.5","19.5","19.5","136.5","97.5%","ممتاز","96"
"97","SK-G5-LN-002","عائشة محمد علاء الدين","Aisha Mohamed Alaa El-Din","الصف 5","لغات","19.5","19.5","19.5","19.5","19.5","19.5","19.5","136.5","97.5%","ممتاز","97"
"98","SK-G5-AR-008","عبد الله محمود الصياد","Abdullah Mahmoud El-Sayad","الصف 5","عربي","19.5","19.5","19.5","19.5","19.5","19.5","19.5","136.5","97.5%","ممتاز","98"
"99","SK-G5-AR-001","كيان محمود منصور","Kayan Mahmoud Mansour","الصف 5","عربي","19.5","19.5","19.5","19.5","19.5","19.5","19.5","136.5","97.5%","ممتاز","99"
"100","SK-G5-LN-001","لينا أحمد شوقى","Lina Ahmed Shawky","الصف 5","لغات","19.5","19.5","19.5","19.5","19.5","19.5","19.5","136.5","97.5%","ممتاز","100"
"101","SK-G5-AR-005","ليندا هشام أحمد","Linda Hesham Ahmed","الصف 5","عربي","19.5","19.5","19.5","19.5","19.5","19.5","19.5","136.5","97.5%","ممتاز","101"
"102","SK-G5-LN-009","محمد أدهم حربي","Mohamed Adham Harby","الصف 5","لغات","19.5","19.5","19.5","19.5","19.5","19.5","19.5","136.5","97.5%","ممتاز","102"
"103","SK-G5-LN-008","محمد عمرو محمد","Mohamed Amr Mohamed","الصف 5","لغات","19.5","19.5","19.5","19.5","19.5","19.5","19.5","136.5","97.5%","ممتاز","103"
"104","SK-G5-LN-007","مريم حمدى أحمد","Mariam Hamdy Ahmed","الصف 5","لغات","19.5","19.5","19.5","19.5","19.5","19.5","19.5","136.5","97.5%","ممتاز","104"
"105","SK-G5-AR-010","مصطفى أحمد مصطفى","Mostafa Ahmed Mostafa","الصف 5","عربي","19.5","19.5","19.5","19.5","19.5","19.5","19.5","136.5","97.5%","ممتاز","105"
"106","SK-G5-AR-004","ملك محمد","Malak Mohamed","الصف 5","عربي","20","20","20","20","20","20","20","140","100.0%","ممتاز","106"
"107","SK-G5-LN-006","مليكة محمد نوار","Malika Mohamed Nawar","الصف 5","لغات","19.5","19.5","19.5","19.5","19.5","19.5","19.5","136.5","97.5%","ممتاز","107"
"108","SK-G6-LN-005","أروى محمد أحمد","Arwa Mohamed Ahmed","الصف 6","لغات","19.5","19.5","19.5","19.5","19.5","19.5","19.5","136.5","97.5%","ممتاز","108"
"109","SK-G6-AR-004","أسيل حمد أحمد","Aseel Hamad Ahmed","الصف 6","عربي","19.5","19.5","19.5","19.5","19.5","19.5","19.5","136.5","97.5%","ممتاز","109"
"110","SK-G6-LN-011","أفنان أحمد","Afnan Ahmed","الصف 6","لغات","19.5","19.5","19.5","19.5","19.5","19.5","19.5","136.5","97.5%","ممتاز","110"
"111","SK-G6-AR-003","باسم حسن العمري","Bassem Hassan El-Omari","الصف 6","عربي","19.5","19.5","19.5","19.5","19.5","19.5","19.5","136.5","97.5%","ممتاز","111"
"112","SK-G6-LN-002","سيف جمال إسماعيل","Seif Gamal Ismail","الصف 6","لغات","19.5","19.5","19.5","19.5","19.5","19.5","19.5","136.5","97.5%","ممتاز","112"
"113","SK-G6-LN-010","لارين أحمد الشوني","Lareen Ahmed El-Shouny","الصف 6","لغات","19.5","19.5","19.5","19.5","19.5","19.5","19.5","136.5","97.5%","ممتاز","113"
"114","SK-G6-LN-009","لورين وليد محمد","Loreen Walid Mohamed","الصف 6","لغات","19.5","19.5","19.5","19.5","19.5","19.5","19.5","136.5","97.5%","ممتاز","114"
"115","SK-G6-LN-008","ليان السيد على","Layan Elsayed Ali","الصف 6","لغات","19.5","19.5","19.5","19.5","19.5","19.5","19.5","136.5","97.5%","ممتاز","115"
"116","SK-G6-LN-006","ليليا مازن شلار","Lilia Mazen Shollar","الصف 6","لغات","19.5","19.5","19.5","19.5","19.5","19.5","19.5","136.5","97.5%","ممتاز","116"
"117","SK-G6-AR-002","لينا هشام أحمد","Lina Hesham Ahmed","الصف 6","عربي","20","20","20","20","20","20","20","140","100.0%","ممتاز","117"
"118","SK-G6-LN-007","ماسة محمد أنور","Massa Mohamed Anwar","الصف 6","لغات","19.5","19.5","19.5","19.5","19.5","19.5","19.5","136.5","97.5%","ممتاز","118"
"119","SK-G6-LN-003","مالك محمود عبد الحميد","Malek Mahmoud Abdel Hamid","الصف 6","لغات","19.5","19.5","19.5","19.5","19.5","19.5","19.5","136.5","97.5%","ممتاز","119"
"120","SK-G6-LN-001","محمد السيد سمير","Mohamed Elsayed Samir","الصف 6","لغات","19.5","19.5","19.5","19.5","19.5","19.5","19.5","136.5","97.5%","ممتاز","120"
"121","SK-G6-LN-004","محمد مصطفى وحيد","Mohamed Mostafa Waheed","الصف 6","لغات","19.5","19.5","19.5","19.5","19.5","19.5","19.5","136.5","97.5%","ممتاز","121"
"122","SK-G6-AR-005","هدى محمد مجدى","Hoda Mohamed Magdy","الصف 6","عربي","19.5","19.5","19.5","19.5","19.5","19.5","19.5","136.5","97.5%","ممتاز","122"
"123","SK-G6-AR-001","ياسين إسلام حمد","Yaseen Islam Hamad","الصف 6","عربي","19.5","19.5","19.5","19.5","19.5","19.5","19.5","136.5","97.5%","ممتاز","123"
"124","SK-G7-LN-008","آدم عبد الحميد عيد","Adam Abdel Hamid Eid","الصف 7","لغات","19.5","19.5","19.5","19.5","19.5","19.5","19.5","136.5","97.5%","ممتاز","124"
"125","SK-G7-AR-006","بلال محمد عادل","Belal Mohamed Adel","الصف 7","عربي","19.5","19.5","19.5","19.5","19.5","19.5","19.5","136.5","97.5%","ممتاز","125"
"126","SK-G7-LN-003","تقى أحمد محمود","Toqa Ahmed Mahmoud","الصف 7","لغات","19.5","19.5","19.5","19.5","19.5","19.5","19.5","136.5","97.5%","ممتاز","126"
"127","SK-G7-LN-004","جودى خالد رجب","Judy Khaled Ragab","الصف 7","لغات","19.5","19.5","19.5","19.5","19.5","19.5","19.5","136.5","97.5%","ممتاز","127"
"128","SK-G7-AR-004","سارة أحمد مصطفى","Sara Ahmed Mostafa","الصف 7","عربي","19.5","19.5","19.5","19.5","19.5","19.5","19.5","136.5","97.5%","ممتاز","128"
"129","SK-G7-AR-005","عمار محمود سعد","Ammar Mahmoud Saad","الصف 7","عربي","19.5","19.5","19.5","19.5","19.5","19.5","19.5","136.5","97.5%","ممتاز","129"
"130","SK-G7-LN-007","عمر أحمد عصام","Omar Ahmed Essam","الصف 7","لغات","19.5","19.5","19.5","19.5","19.5","19.5","19.5","136.5","97.5%","ممتاز","130"
"131","SK-G7-AR-003","فريدة شريف رجب","Farida Sherif Ragab","الصف 7","عربي","19.5","19.5","19.5","19.5","19.5","19.5","19.5","136.5","97.5%","ممتاز","131"
"132","SK-G7-AR-002","ليان محمود رزق","Layan Mahmoud Rezk","الصف 7","عربي","19.5","19.5","19.5","19.5","19.5","19.5","19.5","136.5","97.5%","ممتاز","132"
"133","SK-G7-LN-006","مالك أدهم حربي","Malek Adham Harby","الصف 7","لغات","19.5","19.5","19.5","19.5","19.5","19.5","19.5","136.5","97.5%","ممتاز","133"
"134","SK-G7-LN-001","مايا هيثم رشوان","Maya Haitham Rashwan","الصف 7","لغات","19.5","19.5","19.5","19.5","19.5","19.5","19.5","136.5","97.5%","ممتاز","134"
"135","SK-G7-LN-002","مريم أدهم حربي","Mariam Adham Harby","الصف 7","لغات","19.5","19.5","19.5","19.5","19.5","19.5","19.5","136.5","97.5%","ممتاز","135"
"136","SK-G7-AR-001","نورسان إسلام محمد","Noursan Islam Mohamed","الصف 7","عربي","19.5","19.5","19.5","19.5","19.5","19.5","19.5","136.5","97.5%","ممتاز","136"
"137","SK-G7-LN-005","ياسين سليمان محمد","Yaseen Soliman Mohamed","الصف 7","لغات","19.5","19.5","19.5","19.5","19.5","19.5","19.5","136.5","97.5%","ممتاز","137"
"138","SK-G8-LN-001","بسملة عبد الله سيد","Basmala Abdullah Sayed","الصف 8","لغات","19.5","19.5","19.5","19.5","19.5","19.5","19.5","136.5","97.5%","ممتاز","138"
"139","SK-G8-AR-002","سجد محمود منصور","Saged Mahmoud Mansour","الصف 8","عربي","19.5","19.5","19.5","19.5","19.5","19.5","19.5","136.5","97.5%","ممتاز","139"
"140","SK-G8-AR-003","عبد الغني عصام عبد الله","Abdel Ghany Essam Abdullah","الصف 8","عربي","19.5","19.5","19.5","19.5","19.5","19.5","19.5","136.5","97.5%","ممتاز","140"
"141","SK-G8-AR-001","محمد حسن العمري","Mohamed Hassan El-Omari","الصف 8","عربي","19.5","19.5","19.5","19.5","19.5","19.5","19.5","136.5","97.5%","ممتاز","141"
"142","SK-G8-LN-002","وتين أحمد الشوني","Wateen Ahmed El-Shouny","الصف 8","لغات","19.5","19.5","19.5","19.5","19.5","19.5","19.5","136.5","97.5%","ممتاز","142"
"143","SK-G9-LN-001","أحمد رضا شوشة","Ahmed Reda Shousha","الصف 9","لغات","19.5","19.5","19.5","19.5","19.5","19.5","19.5","136.5","97.5%","ممتاز","143"
"144","SK-G9-AR-002","أيمن عصام القاضي","Ayman Essam El-Kady","الصف 9","عربي","19.5","19.5","19.5","19.5","19.5","19.5","19.5","136.5","97.5%","ممتاز","144"
"145","SK-G9-LN-002","جودى هيثم رشوان","Judy Haitham Rashwan","الصف 9","لغات","19.5","19.5","19.5","19.5","19.5","19.5","19.5","136.5","97.5%","ممتاز","145"
"146","SK-G9-AR-001","ساره محمد عطاها","Sara Mohamed Ataha","الصف 9","عربي","19.5","19.5","19.5","19.5","19.5","19.5","19.5","136.5","97.5%","ممتاز","146"
"147","SK-G9-AR-003","محمد عبد الله النقاش","Mohamed Abdullah El-Nakkash","الصف 9","عربي","19.5","19.5","19.5","19.5","19.5","19.5","19.5","136.5","97.5%","ممتاز","147"
