م,كود الطالب (ID),اسم الطالب بالعربية,اسم الطالب بالإنجليزية,الصف,القسم,الرقم السري (PIN / Password),حالة الاعتماد
1,SK-G1-LN-018,أدم عبدالرحمن السيد,Adam Abdel Rahman El-Sayed,الصف 1,لغات,9252,معتمد 🔒
2,SK-G1-AR-006,أمير مصطفى عبد اللطيف,Amir Mostafa Abdel Latif,الصف 1,عربي,4758,معتمد 🔒
3,SK-G1-AR-002,إيلاف عصام عبد الله,Elaf Essam Abdullah,الصف 1,عربي,6334,معتمد 🔒
4,SK-G1-LN-015,بسمة محمد ابو فراج,Basma Mohamed Abou Farag,الصف 1,لغات,8475,معتمد 🔒
5,SK-G1-AR-001,تاليا عادل خطاب,Talia Adel Khattab,الصف 1,عربي,3051,معتمد 🔒
6,SK-G1-LN-005,حمزة إبراهيم زيدان,Hamza Ibrahim Zeidan,الصف 1,لغات,2422,معتمد 🔒
7,SK-G1-LN-006,حمزة محمد البنا,Hamza Mohamed Elbanna,الصف 1,لغات,2914,معتمد 🔒
8,SK-G1-LN-014,روز احمد فواد,Rose Ahmed Fouad,الصف 1,لغات,6075,معتمد 🔒
9,SK-G1-LN-003,ريحانة عبد الرحمن عاطف,Rihana Abdel Rahman Atef,الصف 1,لغات,5031,معتمد 🔒
10,SK-G1-LN-010,زين الدين محمود عبد الحميد,Zein El-Din Mahmoud Abdel Hamid,الصف 1,لغات,1288,معتمد 🔒
11,SK-G1-LN-001,سارة رضا عبد المقصود,Sara Reda Abdel Maksoud,الصف 1,لغات,9142,معتمد 🔒
12,SK-G1-LN-019,سفيان محمد رمضان,Sofian Mohamed Ramadan,الصف 1,لغات,8744,معتمد 🔒
13,SK-G1-LN-013,سيلا محمد صبحي,Sila Mohamed Sobhi,الصف 1,لغات,6470,معتمد 🔒
14,SK-G1-EN-5941,عبد الحميد محمد الجزار,Abdel Hamid Mohamed El-Gazzar,الصف 1,لغات,6997,معتمد 🔒
15,SK-G1-LN-009,علي محمد علاء الدين,Ali Mohamed Alaa El-Din,الصف 1,لغات,8467,معتمد 🔒
16,SK-G1-AR-004,فيروز أشرف مجدى,Fayrouz Ashraf Magdy,الصف 1,عربي,9485,معتمد 🔒
17,SK-G1-AR-009,كادي محمود سعد,Cady Mahmoud Saad,الصف 1,عربي,3621,معتمد 🔒
18,SK-G1-LN-002,كنده السيد علي,Kenda Elsayed Ali,الصف 1,لغات,8326,معتمد 🔒
19,SK-G1-LN-017,لوجين محمد رمضان,Loujain Mohamed Ramadan,الصف 1,لغات,3088,معتمد 🔒
20,SK-G1-LN-012,لوجين ياسر محمد,Loujain Yasser Mohamed,الصف 1,لغات,8899,معتمد 🔒
21,SK-G1-LN-004,لي لي أحمد محمد يسرى,Lili Ahmed Mohamed Yousry,الصف 1,لغات,1141,معتمد 🔒
22,SK-G1-LN-011,ليان محمود احمد,Layan Mahmoud Ahmed,الصف 1,لغات,9462,معتمد 🔒
23,SK-G1-AR-008,ماريا قتيبه علي,Maria Qutaiba Ali,الصف 1,عربي,3897,معتمد 🔒
24,SK-G1-LN-007,مروان أشرف رمضان,Marwan Ashraf Ramadan,الصف 1,لغات,5806,معتمد 🔒
25,SK-G1-LN-016,مليكة محمد رفعت,Malika Mohamed Refaat,الصف 1,لغات,6441,معتمد 🔒
26,SK-G1-AR-003,مودة أحمد كمال,Mawaddah Ahmed Kamal,الصف 1,عربي,9333,معتمد 🔒
27,SK-G1-AR-007,يامن إسلام أحمد,Yamen Islam Ahmed,الصف 1,عربي,7991,معتمد 🔒
28,SK-G1-AR-005,يحيى أحمد مصطفى,Yahia Ahmed Mostafa,الصف 1,عربي,2781,معتمد 🔒
29,SK-G1-LN-008,يوسف عمرو محمد,Youssef Amr Mohamed,الصف 1,لغات,2706,معتمد 🔒
30,SK-G2-AR-003,آدم أحمد شوقي,Adam Ahmed Shawky,الصف 2,عربي,4544,معتمد 🔒
31,SK-G2-LN-024,أمنية محمد عبد الرحمن,Omnia Mohamed Abdel Rahman,الصف 2,لغات,6890,معتمد 🔒
32,SK-G2-LN-006,أنس أحمد محمد,Anas Ahmed Mohamed,الصف 2,لغات,5812,معتمد 🔒
33,SK-G2-AR-007,إيلين أحمد زيران,Ellen Ahmed Zayran,الصف 2,عربي,6943,معتمد 🔒
34,SK-G2-LN-019,إيلين أحمد محمود,Ellen Ahmed Mahmoud,الصف 2,لغات,7633,معتمد 🔒
35,SK-G2-AR-008,بيسان محمد أحمد,Bisan Mohamed Ahmed,الصف 2,عربي,7266,معتمد 🔒
36,SK-G2-AR-009,تالا عبد القادر,Tala Abdel Qader,الصف 2,عربي,1519,معتمد 🔒
37,SK-G2-LN-015,تالا هشام محمد,Tala Hesham Mohamed,الصف 2,لغات,7056,معتمد 🔒
38,SK-G2-LN-018,جاد محمد عباس,Jad Mohamed Abbas,الصف 2,لغات,2585,معتمد 🔒
39,SK-G2-LN-014,حبيبة أحمد حسين,Habiba Ahmed Hussein,الصف 2,لغات,7143,معتمد 🔒
40,SK-G2-LN-005,راشد عبد الكريم بشير,Rashed Abdel Karim Basheer,الصف 2,لغات,5886,معتمد 🔒
41,SK-G2-AR-6446,ريتال محمد مجدي,Retal Mohamed Magdy,الصف 2,عربي,5361,معتمد 🔒
42,SK-G2-LN-023,ريماس أحمد محمد,Remas Ahmed Mohamed,الصف 2,لغات,6785,معتمد 🔒
43,SK-G2-LN-016,زينة عبد الله سيد,Zeina Abdullah Sayed,الصف 2,لغات,8654,معتمد 🔒
44,SK-G2-LN-017,سجى جمال إسماعيل,Saja Gamal Ismail,الصف 2,لغات,8017,معتمد 🔒
45,SK-G2-LN-003,سليم محمد السعيد,Selim Mohamed El-Saeed,الصف 2,لغات,6677,معتمد 🔒
46,SK-G2-AR-002,سيف حسن محمد,Seif Hassan Mohamed,الصف 2,عربي,6248,معتمد 🔒
47,SK-G2-LN-002,طارق السيد عبد الغني,Tarek Elsayed Abdel Ghani,الصف 2,لغات,2350,معتمد 🔒
48,SK-G2-LN-007,عصام محمد عصام,Essam Mohamed Essam,الصف 2,لغات,8594,معتمد 🔒
49,SK-G2-AR-6576,فريد أحمد حمدي,Farid Ahmed Hamdy,الصف 2,عربي,4374,معتمد 🔒
50,SK-G2-AR-004,فريدة شريف علي,Farida Sherif Ali,الصف 2,عربي,7608,معتمد 🔒
51,SK-G2-LN-025,فريدة محمود إبراهيم,Farida Mahmoud Ibrahim,الصف 2,لغات,1522,معتمد 🔒
52,SK-G2-LN-010,فيروز محمد النجار,Fayrouz Mohamed El-Naggar,الصف 2,عربي,6162,معتمد 🔒
53,SK-G2-LN-012,ليا هيثم رشوان,Lia Haitham Rashwan,الصف 2,لغات,1505,معتمد 🔒
54,SK-G2-LN-020,ليان محمود أمين,Layan Mahmoud Amin,الصف 2,لغات,7479,معتمد 🔒
55,SK-G2-AR-006,لين مهند خضرو,Leen Mohannad Khidro,الصف 2,عربي,6796,معتمد 🔒
56,SK-G2-LN-008,مالك أحمد عبد المؤمن,Malek Ahmed Abdel Moemen,الصف 2,لغات,3408,معتمد 🔒
57,SK-G2-AR-005,مالك محمد الخشن,Malek Mohamed El-Khoshen,الصف 2,عربي,5220,معتمد 🔒
58,SK-G2-LN-021,محمد أحمد ضاحي,Mohamed Ahmed Dhahi,الصف 2,لغات,2303,معتمد 🔒
59,SK-G2-LN-004,معتز محمد عطاها,Moataz Mohamed Ataha,الصف 2,لغات,2569,معتمد 🔒
60,SK-G2-AR-001,مهدي أحمد محمد,Mahdi Ahmed Mohamed,الصف 2,عربي,9132,معتمد 🔒
61,SK-G2-LN-001,نوح عبد الحميد سمير,Noah Abdel Hamid Samir,الصف 2,لغات,9514,معتمد 🔒
62,SK-G2-LN-022,يزن حسام عطية,Yazan Hossam Atteya,الصف 2,لغات,1941,معتمد 🔒
63,SK-G3-LN-008,آدم خالد عبد الله,Adam Khaled Abdullah,الصف 3,لغات,1515,معتمد 🔒
64,SK-G3-LN-006,آدم محمد صبحي,Adam Mohamed Sobhy,الصف 3,لغات,9504,معتمد 🔒
65,SK-G3-LN-002,آسية أحمد مصطفى,Asiya Ahmed Mostafa,الصف 3,لغات,9695,معتمد 🔒
66,SK-G3-LN-009,أدهم مصطفى وحيد,Adham Mostafa Waheed,الصف 3,لغات,4778,معتمد 🔒
67,SK-G3-LN-003,أريام أحمد حسن,Aryam Ahmed Hassan,الصف 3,لغات,5337,معتمد 🔒
68,SK-G3-AR-002,أرين أشرف مجدى,Areen Ashraf Magdy,الصف 3,عربي,3007,معتمد 🔒
69,SK-G3-LN-015,أمين السيد أحمد,Amin Elsayed Ahmed,الصف 3,لغات,8801,معتمد 🔒
70,SK-G3-AR-003,الفاتح عبد القادر محمد,Al-Fateh Abdel Qader Mohamed,الصف 3,عربي,8070,معتمد 🔒
71,SK-G3-LN-022,تالين أحمد محمود,Taleen Ahmed Mahmoud,الصف 3,لغات,6611,معتمد 🔒
72,SK-G3-LN-014,رائد عبد الكريم بشير,Raed Abdel Karim Basheer,الصف 3,لغات,8135,معتمد 🔒
73,SK-G3-LN-021,ريتال محمد عسل,Retal Mohamed Asal,الصف 3,لغات,8204,معتمد 🔒
74,SK-G3-LN-017,ريمان جمال الحسين,Reman Gamal El-Hussein,الصف 3,لغات,8998,معتمد 🔒
75,SK-G3-LN-007,زين سليمان محمد,Zein Soliman Mohamed,الصف 3,لغات,9586,معتمد 🔒
76,SK-G3-LN-013,زين محمد نبيل نوار,Zein Mohamed Nabil Nawar,الصف 3,لغات,2780,معتمد 🔒
77,SK-G3-LN-012,شهم محمد أنور حرب,Shahm Mohamed Anwar Harb,الصف 3,لغات,9672,معتمد 🔒
78,SK-G3-LN-011,عبد الرحمن خالد رجب,Abdel Rahman Khaled Ragab,الصف 3,لغات,1900,معتمد 🔒
79,SK-G3-AR-005,عبد الرحمن طه حسين,Abdel Rahman Taha Hussein,الصف 3,عربي,9145,معتمد 🔒
80,SK-G3-AR-004,عمر محمود عبد الوهاب,Omar Mahmoud Abdel Wahab,الصف 3,عربي,9396,معتمد 🔒
81,SK-G3-AR-3636,فريدة محمد النجار,Farida Mohamed El-Naggar,الصف 3,عربي,9055,معتمد 🔒
82,SK-G3-LN-004,ليان سامح بسيوني,Layan Sameh Basiouny,الصف 3,لغات,7980,معتمد 🔒
83,SK-G3-LN-001,لين محمد عبد الحليم,Leen Mohamed Abdel Halim,الصف 3,لغات,7623,معتمد 🔒
84,SK-G3-LN-020,مؤيد أحمد سيد,Moayad Ahmed Sayed,الصف 3,لغات,4491,معتمد 🔒
85,SK-G3-LN-005,ماريا خالد فهمي,Maria Khaled Fahmy,الصف 3,لغات,8951,معتمد 🔒
86,SK-G3-LN-019,مالك محمود ابراهيم,Malek Mahmoud Ibrahim,الصف 3,لغات,9613,معتمد 🔒
87,SK-G3-LN-018,مصطفى عبد السلام مصطفى,Mostafa Abdel Salam Mostafa,الصف 3,لغات,4850,معتمد 🔒
88,SK-G3-AR-001,مليكة محمد عادل,Malika Mohamed Adel,الصف 3,عربي,9266,معتمد 🔒
89,SK-G3-LN-016,نور أحمد عصام,Nour Ahmed Essam,الصف 3,لغات,3433,معتمد 🔒
90,SK-G3-AR-006,نور حماده عياد,Nour Hamada Ayyad,الصف 3,عربي,8617,معتمد 🔒
91,SK-G3-LN-010,يوسف محمد عبد اللطيف,Youssef Mohamed Abdel Latif,الصف 3,لغات,3213,معتمد 🔒
92,SK-G4-LN-003,آدم عمرو أسامة,Adam Amr Osama,الصف 4,لغات,7685,معتمد 🔒
93,SK-G4-AR-003,جانتي السيد عبد الغني,Janti Elsayed Abdel Ghani,الصف 4,لغات,8790,معتمد 🔒
94,SK-G4-LN-013,جنة عمرو أبو المكارم,Janna Amr Abo El-Makarim,الصف 4,لغات,9120,معتمد 🔒
95,SK-G4-LN-001,حمزة أحمد عبد الحميد,Hamza Ahmed Abdel Hamid,الصف 4,لغات,9323,معتمد 🔒
96,SK-G4-LN-008,دانة السيد علي,Dana Elsayed Ali,الصف 4,لغات,1251,معتمد 🔒
97,SK-G4-EN-6103,روفان عمر عبد المقصود,Rovan Omar Abdelmaksoud,الصف 4,لغات,1659,معتمد 🔒
98,SK-G4-LN-007,ريان عبد الرحمن,Rayan Abdel Rahman,الصف 4,لغات,5507,معتمد 🔒
99,SK-G4-AR-006,عبد الله مروان الشيخ,Abdullah Marwan El-Sheikh,الصف 4,عربي,6140,معتمد 🔒
100,SK-G4-AR-004,على شريف على,Ali Sherif Ali,الصف 4,عربي,5212,معتمد 🔒
101,SK-G4-LN-005,عمر أحمد الجزيرى,Omar Ahmed El-Gezeiry,الصف 4,لغات,4418,معتمد 🔒
102,SK-G4-LN-011,فيروز هشام محمد,Fayrouz Hesham Mohamed,الصف 4,لغات,8607,معتمد 🔒
103,SK-G4-AR-002,كارما أحمد عطية,Karma Ahmed Attia,الصف 4,عربي,8584,معتمد 🔒
104,SK-G4-LN-009,كارما محمد حسام,Karma Mohamed Hossam,الصف 4,لغات,1642,معتمد 🔒
105,SK-G4-LN-012,لوجين وليد محمد,Lojain Walid Mohamed,الصف 4,لغات,9667,معتمد 🔒
106,SK-G4-AR-0026,لينا بهاء,Lina Bahaa,الصف 4,عربي,2238,معتمد 🔒
107,SK-G4-EN-3027,محمد مازن شلار,Mohamed Malaz Shalar,الصف 4,لغات,4302,معتمد 🔒
108,SK-G4-AR-005,محمد محمود الصياد,Mohamed Mahmoud El-Sayad,الصف 4,عربي,7687,معتمد 🔒
109,SK-G4-AR-9749,مرام شريف رجب,Maram Sheref Ragab,الصف 4,عربي,4922,معتمد 🔒
110,SK-G4-AR-001,مها رضوان تسون,Maha Radwan Tsoun,الصف 4,عربي,3099,معتمد 🔒
111,SK-G4-LN-002,مهيب جمال فتح الله,Moheb Gamal Fathallah,الصف 4,لغات,8946,معتمد 🔒
112,SK-G4-LN-010,ميرا محمد عطاها,Mira Mohamed Ataha,الصف 4,لغات,3555,معتمد 🔒
113,SK-G4-EN-6708,يامن محمد رفعت,Yamen Mohamed Refaat,الصف 4,لغات,7639,معتمد 🔒
114,SK-G4-LN-006,يحيي محمد فاروق,Yahia Mohamed Farouk,الصف 4,لغات,5923,معتمد 🔒
115,SK-G4-LN-004,يوسف كمال محمد,Youssef Kamal Mohamed,الصف 4,لغات,8195,معتمد 🔒
116,SK-G5-LN-005,أيسل محمد السعيد,Aysel Mohamed El-Saeed,الصف 5,لغات,8075,معتمد 🔒
117,SK-G5-AR-003,جودى مهند خضرو,Judi Mohannad Khidro,الصف 5,عربي,9245,معتمد 🔒
118,SK-G5-AR-002,جويرية أحمد عطيه,Jowairia Ahmed Attia,الصف 5,عربي,9476,معتمد 🔒
119,SK-G5-AR-006,رفيدة خالد رجب,Rofayda Khaled Ragab,الصف 5,عربي,5852,معتمد 🔒
120,SK-G5-LN-004,رقية رضا عبد المقصود,Roqaya Reda Abdel Maqsoud,الصف 5,لغات,4099,معتمد 🔒
121,SK-G5-LN-003,رودينة عبد الله السيد,Rodaina Abdullah Sayed,الصف 5,لغات,8520,معتمد 🔒
122,SK-G5-AR-007,زياد مصطفى فرج,Ziad Mostafa Farag,الصف 5,عربي,6288,معتمد 🔒
123,SK-G5-AR-009,سامح طه النقاش,Sameh Taha El-Naqqash,الصف 5,عربي,2711,معتمد 🔒
124,SK-G5-LN-002,عائشة محمد علاء الدين,Aisha Mohamed Alaa El-Din,الصف 5,لغات,5340,معتمد 🔒
125,SK-G5-AR-008,عبد الله محمود الصياد,Abdullah Mahmoud El-Sayad,الصف 5,عربي,8598,معتمد 🔒
126,SK-G5-AR-001,كيان محمود منصور,Kayan Mahmoud Mansour,الصف 5,عربي,8745,معتمد 🔒
127,SK-G5-LN-001,لينا أحمد شوقى,Lina Ahmed Shawky,الصف 5,لغات,9540,معتمد 🔒
128,SK-G5-AR-005,ليندا هشام أحمد,Linda Hesham Ahmed,الصف 5,عربي,1650,معتمد 🔒
129,SK-G5-LN-009,محمد أدهم حربي,Mohamed Adham Harby,الصف 5,لغات,7164,معتمد 🔒
130,SK-G5-LN-008,محمد عمرو محمد,Mohamed Amr Mohamed,الصف 5,لغات,5465,معتمد 🔒
131,SK-G5-LN-007,مريم حمدى أحمد,Mariam Hamdy Ahmed,الصف 5,لغات,2153,معتمد 🔒
132,SK-G5-AR-010,مصطفى أحمد مصطفى,Mostafa Ahmed Mostafa,الصف 5,عربي,8283,معتمد 🔒
133,SK-G5-AR-004,ملك محمد,Malak Mohamed,الصف 5,عربي,8214,معتمد 🔒
134,SK-G5-LN-006,مليكة محمد نوار,Malika Mohamed Nawar,الصف 5,لغات,8950,معتمد 🔒
135,SK-G6-LN-005,أروى محمد أحمد,Arwa Mohamed Ahmed,الصف 6,لغات,2460,معتمد 🔒
136,SK-G6-AR-004,أسيل حمد أحمد,Aseel Hamad Ahmed,الصف 6,عربي,3497,معتمد 🔒
137,SK-G6-LN-011,أفنان أحمد,Afnan Ahmed,الصف 6,لغات,6953,معتمد 🔒
138,SK-G6-AR-003,باسم حسن العمري,Bassem Hassan El-Omari,الصف 6,عربي,7838,معتمد 🔒
139,SK-G6-LN-002,سيف جمال إسماعيل,Seif Gamal Ismail,الصف 6,لغات,2610,معتمد 🔒
140,SK-G6-LN-010,لارين أحمد الشوني,Lareen Ahmed El-Shouny,الصف 6,لغات,5499,معتمد 🔒
141,SK-G6-LN-009,لورين وليد محمد,Loreen Walid Mohamed,الصف 6,لغات,1831,معتمد 🔒
142,SK-G6-LN-008,ليان السيد على,Layan Elsayed Ali,الصف 6,لغات,3079,معتمد 🔒
143,SK-G6-LN-006,ليليا مازن شلار,Lilia Mazen Shollar,الصف 6,لغات,4357,معتمد 🔒
144,SK-G6-AR-002,لينا هشام أحمد,Lina Hesham Ahmed,الصف 6,عربي,4288,معتمد 🔒
145,SK-G6-LN-007,ماسة محمد أنور,Massa Mohamed Anwar,الصف 6,لغات,5160,معتمد 🔒
146,SK-G6-LN-003,مالك محمود عبد الحميد,Malek Mahmoud Abdel Hamid,الصف 6,لغات,1103,معتمد 🔒
147,SK-G6-LN-001,محمد السيد سمير,Mohamed Elsayed Samir,الصف 6,لغات,1329,معتمد 🔒
148,SK-G6-LN-004,محمد مصطفى وحيد,Mohamed Mostafa Waheed,الصف 6,لغات,8492,معتمد 🔒
149,SK-G6-AR-005,هدى محمد مجدى,Hoda Mohamed Magdy,الصف 6,عربي,8462,معتمد 🔒
150,SK-G6-AR-001,ياسين إسلام حمد,Yaseen Islam Hamad,الصف 6,عربي,2683,معتمد 🔒
151,SK-G7-LN-008,آدم عبد الحميد عيد,Adam Abdel Hamid Eid,الصف 7,لغات,3317,معتمد 🔒
152,SK-G7-AR-006,بلال محمد عادل,Belal Mohamed Adel,الصف 7,عربي,4752,معتمد 🔒
153,SK-G7-LN-003,تقى أحمد محمود,Toqa Ahmed Mahmoud,الصف 7,لغات,9369,معتمد 🔒
154,SK-G7-LN-004,جودى خالد رجب,Judy Khaled Ragab,الصف 7,لغات,5862,معتمد 🔒
155,SK-G7-AR-004,سارة أحمد مصطفى,Sara Ahmed Mostafa,الصف 7,عربي,9160,معتمد 🔒
156,SK-G7-AR-005,عمار محمود سعد,Ammar Mahmoud Saad,الصف 7,عربي,3309,معتمد 🔒
157,SK-G7-LN-007,عمر أحمد عصام,Omar Ahmed Essam,الصف 7,لغات,3723,معتمد 🔒
158,SK-G7-AR-003,فريدة شريف رجب,Farida Sherif Ragab,الصف 7,عربي,6235,معتمد 🔒
159,SK-G7-AR-002,ليان محمود رزق,Layan Mahmoud Rezk,الصف 7,عربي,1184,معتمد 🔒
160,SK-G7-LN-006,مالك أدهم حربي,Malek Adham Harby,الصف 7,لغات,7944,معتمد 🔒
161,SK-G7-LN-001,مايا هيثم رشوان,Maya Haitham Rashwan,الصف 7,لغات,8849,معتمد 🔒
162,SK-G7-LN-002,مريم أدهم حربي,Mariam Adham Harby,الصف 7,لغات,3249,معتمد 🔒
163,SK-G7-AR-001,نورسان إسلام محمد,Noursan Islam Mohamed,الصف 7,عربي,3635,معتمد 🔒
164,SK-G7-LN-005,ياسين سليمان محمد,Yaseen Soliman Mohamed,الصف 7,لغات,2483,معتمد 🔒
165,SK-G8-LN-001,بسملة عبد الله سيد,Basmala Abdullah Sayed,الصف 8,لغات,7496,معتمد 🔒
166,SK-G8-AR-002,سعد محمود منصور,Saad Mahmoud Mansour,الصف 8,عربي,9418,معتمد 🔒
167,SK-G8-AR-003,عبد الغني عصام عبد الله,Abdel Ghany Essam Abdullah,الصف 8,عربي,7850,معتمد 🔒
168,SK-G8-AR-001,محمد حسن العمري,Mohamed Hassan El-Omari,الصف 8,عربي,6113,معتمد 🔒
169,SK-G8-LN-002,وتين أحمد الشوني,Wateen Ahmed El-Shouny,الصف 8,لغات,3533,معتمد 🔒
170,SK-G9-LN-001,أحمد رضا شوشة,Ahmed Reda Shousha,الصف 9,لغات,1331,معتمد 🔒
171,SK-G9-AR-002,أيمن عصام القاضي,Ayman Essam El-Kady,الصف 9,عربي,4322,معتمد 🔒
172,SK-G9-LN-002,جودى هيثم رشوان,Judy Haitham Rashwan,الصف 9,لغات,2838,معتمد 🔒
173,SK-G9-AR-001,ساره محمد عطاها,Sara Mohamed Ataha,الصف 9,عربي,9620,معتمد 🔒
174,SK-G9-AR-003,محمد عبد الله النقاش,Mohamed Abdullah El-Nakkash,الصف 9,عربي,7260,معتمد 🔒
